{"loss": 0.19571528716380543, "accuracy": 0.9449838187702265, "AUC": 0.9415657677490368, "cross_entropy": 0.27475250761521225, "confusion_matrix": [[456, 4], [30, 128]], "time": 0.23612523078918457}