{"loss": 0.15905734202236804, "accuracy": 0.948220064724919, "AUC": 0.9597894265232976, "cross_entropy": 0.25053112024176016, "confusion_matrix": [[425, 7], [25, 161]], "time": 0.25637269020080566}