{"loss": 0.20329925198836166, "accuracy": 0.9579967689822294, "AUC": 0.9297866937531741, "cross_entropy": 0.2853765249967067, "confusion_matrix": [[440, 0], [26, 153]], "time": 0.24118542671203613}