{"loss": 0.1712466993071677, "accuracy": 0.9646869983948636, "AUC": 0.9443314899154197, "cross_entropy": 0.2593921144906352, "confusion_matrix": [[464, 0], [22, 137]], "time": 0.2471482753753662}