{"loss": 0.27855433681146885, "accuracy": 0.9284552845528455, "AUC": 0.9137735902441784, "cross_entropy": 0.352259373831077, "confusion_matrix": [[458, 4], [40, 113]], "time": 0.2511720657348633}