{"loss": 0.1761997611967543, "accuracy": 0.9660743134087237, "AUC": 0.9491163548403021, "cross_entropy": 0.26030302790744636, "confusion_matrix": [[431, 0], [21, 167]], "time": 0.24724173545837402}