{"loss": 0.15832004159446655, "accuracy": 0.9658536585365853, "AUC": 0.9689415448297821, "cross_entropy": 0.24426283117144404, "confusion_matrix": [[443, 3], [18, 151]], "time": 0.2569706439971924}