{"loss": 0.1929497326549328, "accuracy": 0.9550561797752809, "AUC": 0.9408678389109473, "cross_entropy": 0.28335578028851016, "confusion_matrix": [[443, 8], [20, 152]], "time": 0.2353827953338623}