{"loss": 0.1830820282058018, "accuracy": 0.943089430894309, "AUC": 0.9433512459828248, "cross_entropy": 0.27245545724261155, "confusion_matrix": [[442, 2], [33, 138]], "time": 0.2943742275238037}