{"loss": 0.2686994879622006, "accuracy": 0.9307568438003221, "AUC": 0.9173991031390135, "cross_entropy": 0.3420211828442769, "confusion_matrix": [[439, 7], [36, 139]], "time": 0.20562958717346191}