{"loss": 0.18686231624136448, "accuracy": 0.9596122778675282, "AUC": 0.9396358000774894, "cross_entropy": 0.27325479797439073, "confusion_matrix": [[441, 4], [21, 153]], "time": 0.24303674697875977}