{"loss": 0.15940995044970166, "accuracy": 0.9596122778675282, "AUC": 0.9522124109075872, "cross_entropy": 0.2504316793135674, "confusion_matrix": [[426, 0], [25, 168]], "time": 0.24437832832336426}