{"loss": 0.21086857194024142, "accuracy": 0.9502407704654896, "AUC": 0.9344380218368658, "cross_entropy": 0.2814890915058909, "confusion_matrix": [[446, 4], [27, 146]], "time": 0.23517775535583496}