{"loss": 0.141431654081112, "accuracy": 0.9642276422764228, "AUC": 0.9678067090135966, "cross_entropy": 0.23789673047185786, "confusion_matrix": [[438, 5], [17, 155]], "time": 0.24372577667236328}