{"loss": 0.2738477930211332, "accuracy": 0.9341894060995185, "AUC": 0.9152585765488991, "cross_entropy": 0.3530568259315482, "confusion_matrix": [[431, 3], [38, 151]], "time": 0.22779035568237305}