{"loss": 0.18391180547155236, "accuracy": 0.9468599033816425, "AUC": 0.9486268581506678, "cross_entropy": 0.27374878048675905, "confusion_matrix": [[437, 4], [29, 151]], "time": 0.22003674507141113}