{"loss": 0.22969209786178996, "accuracy": 0.9239482200647249, "AUC": 0.9144576933355391, "cross_entropy": 0.31606499099384183, "confusion_matrix": [[437, 2], [45, 134]], "time": 0.2442762851715088}