{"loss": 0.24698359714805984, "accuracy": 0.9371980676328503, "AUC": 0.922316384180791, "cross_entropy": 0.3358273374188257, "confusion_matrix": [[439, 5], [34, 143]], "time": 0.2197551727294922}