{"loss": 0.19812791987081593, "accuracy": 0.9614767255216693, "AUC": 0.9466758825487034, "cross_entropy": 0.2909294029690651, "confusion_matrix": [[445, 4], [20, 154]], "time": 0.2377333641052246}