{"loss": 0.18648153545895244, "accuracy": 0.9544715447154472, "AUC": 0.9579079414760165, "cross_entropy": 0.27480019404910583, "confusion_matrix": [[419, 7], [21, 168]], "time": 0.2503058910369873}