{"loss": 0.21320107535899938, "accuracy": 0.9418416801292407, "AUC": 0.9318780055682105, "cross_entropy": 0.2842923569158, "confusion_matrix": [[437, 2], [34, 146]], "time": 0.24434375762939453}