{"loss": 0.19638074172546177, "accuracy": 0.9466019417475728, "AUC": 0.9546659210270376, "cross_entropy": 0.2835430723672805, "confusion_matrix": [[416, 8], [25, 169]], "time": 0.24628782272338867}