{"loss": 0.21273446362767018, "accuracy": 0.9288025889967637, "AUC": 0.9395420831989681, "cross_entropy": 0.29979618171143746, "confusion_matrix": [[429, 14], [30, 145]], "time": 0.2462770938873291}