{"loss": 0.23017214665762276, "accuracy": 0.9420289855072463, "AUC": 0.9411335121156977, "cross_entropy": 0.307329484864263, "confusion_matrix": [[421, 3], [33, 164]], "time": 0.18655061721801758}