{"loss": 0.18190439995648205, "accuracy": 0.9549114331723028, "AUC": 0.9516797694582775, "cross_entropy": 0.27558925463624184, "confusion_matrix": [[440, 2], [26, 153]], "time": 0.21309208869934082}